Produk,Review,Rating
Frame kacamata cat eye wanita (4 Variansi Lensa),Ga enakin bgt dipake nya biasa kalo beli kacamata ditoko lain minus 3 .25 selalu enakin dipakenya. Ini pusing bgt dipakenya parah kacamata nya jg bener² ga enakin dan gak nyaman dipakenya,3
Frame kacamata cat eye wanita (4 Variansi Lensa),Barang lumayan Bagus ya . cuman pengemasan 3hari. Paket diperjalanan 4hari. Total hampir seminggu. Seperti belanja d luar negri,3
Frame kacamata cat eye wanita (4 Variansi Lensa),Sayangnya frame sebelah kanan sudah lecet2 dan dipakainya merosot trus kurang kencang atau kurang megang,3
Frame kacamata cat eye wanita (4 Variansi Lensa),Bahan bagus pengiriman cepat . dapet wadah lap sama air pembersih kacamata,3
Frame kacamata cat eye wanita (4 Variansi Lensa),Baru seminggu dipake udah patah aja huhuhu,2
Frame kacamata cat eye wanita (4 Variansi Lensa),kacamatanya bagus . tp lensanya bikin pusing. ditanyain ke seller katanya adaptasi saja. kayanya minus lensanya kurang. padahal saya beli 2 kacamata di waktu yg sama namun tempat lain . dan di kacamata yg lainnya tak ada masalah dengan lensa minusnya.,2
Frame kacamata cat eye wanita (4 Variansi Lensa),Barang yg di pesan lengkap . sesuai dengan pesanan juga. Pengemasan & pengirimannnya lumayan. Tdk ada yg kurang maupun lebih. Terimakasih seller . belum di coba dibawah matahari dan layar laptop.,4
Frame kacamata cat eye wanita (4 Variansi Lensa),kacamatanya bagus banget . pengiriman juga cepet cuma ada minus dibagian telinganya agak patah sedikit jadi copot terus . overall bagus kok cuma diperhatiin lagi ya min :'),4
Frame kacamata cat eye wanita (4 Variansi Lensa),Pemasangan lensa tidak rapi tidak nyaman di gunakan frame ringkih ..nyesel sii,1
Frame kacamata cat eye wanita (4 Variansi Lensa),Bagus banget kacamatanya simple tapi elegan pas udh dipake jadi bagus banget suka banget,5
Frame kacamata Lentur(Paket frame+lensa),Barang sesuai yang di foto . Modelnya bagus . tapi sayang Pas di pakai Longgar Banget jadi kurang nyaman dipakai . nunduk aja bisa aja jatuh . Gagangnya juga gampang terkelupas . soalnya sudah ada goresan. Next nya lebih diperhatiin.,3
Frame kacamata Lentur(Paket frame+lensa),pengiriman supeeeeeerrŕr lamaaa....kapok dah,3
Frame kacamata Lentur(Paket frame+lensa),Ada baret dilensa nya,3
Frame kacamata Lentur(Paket frame+lensa),Tangkai nya menurut saya kurang kokoh . trs pas pemotongang kaca sedikit sekali kurang rapi . . . . tapi kalo di nilai keseluruhan ya 80 lah... puas dengan barang nya . . . . cuma pengiriman nya menurut saya lama . mungkin karna gratis ongkir jadi lama,3
Frame kacamata Lentur(Paket frame+lensa),kaca mata depan nya gak pas ada yang terlalu maju kali ada yang bengkok  . habis itu gagang kaca mata gak simetris jadi kelihatan mireng kalo di pake..,2
Frame kacamata Lentur(Paket frame+lensa),agak kurang pas waktu dipake,2
Frame kacamata Lentur(Paket frame+lensa),cepet sampainya karna sama2 di priok tp sayang kacamatanya miring jd di pakai tidak nyaman hrs ke optik lg minta tolong benerin selebihnya good,4
Frame kacamata Lentur(Paket frame+lensa),Penjualnya cepat respon terimakasih barangnya bagus,4
Frame kacamata Lentur(Paket frame+lensa),Kekecilan bgt,1
Frame kacamata Lentur(Paket frame+lensa),Mantap dapat lap dan cairan pembersihnya . untuk photocromicnya belum dicoba,5
Frame kacamata wanita (Paket frame+lensa),Frame nya bagus. Sayangnya agak miring waktu dipake.,3
Frame kacamata wanita (Paket frame+lensa),kurang rapih lem antara frame sama kacanya terus kacanya juga ada yang gompal,3
Frame kacamata wanita (Paket frame+lensa),Suka si tp berat bgt. Dan blm lama pake pdhal gak jatoh gak apa eh Retak bagian frame nya. Pengirimannya lama bgt. Sampe emosi. Dr pihak penjual dan pihak expedisi juga lama. Pdhal pake yg nextday bayar 18rb . Gak pake yg gratis ongkiran.,3
Frame kacamata wanita (Paket frame+lensa),Berat kalu di pake . sama ternyata frame kacamata ada goldnya . saya kira bener2 bening,3
Frame kacamata wanita (Paket frame+lensa),Kacamatanya bagus . lensa juga photocromic. Tapi minus yang saya pesan dan yang datang beda . dipakai pun ga keliatan sama sekali. setelah saya bawa ke optik dan di cek ternyata beneran bukan minus 4. ,2
Frame kacamata wanita (Paket frame+lensa),bagus . tapi ada karat dibagian yg di foto . pengiriman lama bgt . warna yg dikirim dengan yg dipesan beda . di gambar abu2 muda di kirim abu2 tua,2
Frame kacamata wanita (Paket frame+lensa),kacamatanya enteng . tapi ini ga terlihat murahan . kacamatanya pas dimuka aku . framenya terbuat dari plastik termasuk gagangnya . nosepadnya agak kendor tapi masih bisa dipakai dan gagangnya sedikit ga seimbang tpi saat dipakai masih nyaman,4
Frame kacamata wanita (Paket frame+lensa),Aga lama yaa . 6hari baru sampe. Bagus sih over all buat harga segitu . masih adaptasi jd aga mual pakenya hehe sukses trus ka,4
Frame kacamata wanita (Paket frame+lensa),sorry banget tadinya ngga mau kasih bintang 1 tapi karena sudah ajukan keluhan bahwa kacamata frame patah sebelah jadinya miring dan sudah kirim unboxing di wa tidak ada respon jadi terpaksa,1
Frame kacamata wanita (Paket frame+lensa),sesuai banget sama ekspetasi aku . kacamatanya benar-benar bagus . cantik elegan dan mewah juga. Pokoknya suka banget deh . pengirimannya juga cepat banget hanya satu hari.,5
Frame kacamata fashion ,Kacamatanya bagus sih sukaaa . cuma air nya tumpah. Kacamata nya tempat nya juga basah . Dateng² bubble wrap nya basah juga bau air kacamata nya. Tolong kalo emang airnya kondisi tempatnya rusak ya di ganti ya kaa jangan di paksain di lakban gitu jadi basah semua ini  overall yg lain aman sih cuma karna airnya tumpah aja jadi bau kemana mana dan basah,3
Frame kacamata fashion ,maaf ya . aq pesen 6 semua warna .. yg dtg pink nya 2 ... lain x lebih hati hati yahhh.. dn kacamatanya bagus ko . sesuai dg lensa ku . gk ada yg knp knp eih.. kecewanya cm sama warna ... makasihh,3
Frame kacamata fashion ,bagus sebenernya tp warna dari kacamatanya ngestain di wajah dan juga di lap… udh terus aku semprot tp warnanya ttp luntur dan stain..,3
Frame kacamata fashion ,Masa gada photocromic nyaa padahal udh outdoor seharian,3
Frame kacamata fashion ,Kecewa . minus beda sebelah.. respon admin lama sekali..,2
Frame kacamata fashion ,Maksud hati komplain dulu di chat biar gak usah rating bintang satu. Sampe bulak balik 2x ke optik buat ngecek + videoin bukti kalo request-an lensa gak sesuai dan ada silinder.,2
Frame kacamata fashion ,Sumpah kaget banget dg barangnya yg begitu cuantiik nan bagus syekaleee frame'nya tebel. . .pokok intinya kagak kaleng² loh puas sekali loh aku,4
Frame kacamata fashion ,Pesanannya sesuai dengan foto produknya hanya ps pake lensa ga bisa dipakai jalan hanya bisa baca kl jalan pusing,4
Frame kacamata fashion ,Beli yg potocromic dikirim yg biasa . warna kaca tidak berubah ketika kena sinar matahari . pengiriman lama.,1
Frame kacamata fashion ,Bagus banget . proses pengerjaan cepat sekali . pengiriman cepat . respons penjual baik sekali... Highly recomend pokoknyaa... In shaa Allah gak bakal nyesel pesen dsni,5
Kacamata Korea Fashion Sunglasses KM128 Kacamata Hitam Import Unisex Wanita/Pria,Kacamata ini tdk dikirim .tapi uangq tdk dikembalikan. ini aq mau pesan lagi bragk ditoko ini.tpi gmn solusinya ini mba,3
Kacamata Korea Fashion Sunglasses KM128 Kacamata Hitam Import Unisex Wanita/Pria,Sebenarnya kacamata nya bagus tapi sayangnya gagangnya patah tapi gpp tidak usah return,3
Kacamata Korea Fashion Sunglasses KM128 Kacamata Hitam Import Unisex Wanita/Pria,aduh maap ya sebenarnya kacamatanya bagus untuk harga segitu cuman yang sangat disayangkan kenapa bau kacamata nya  . sampe aku cuci masih ttp bau  . baunya seperti (pup bayi ) kalo menurut aku  . ada yang sama gasih kaya aku ? kaya kecewa aja sama baunya,3
Kacamata Korea Fashion Sunglasses KM128 Kacamata Hitam Import Unisex Wanita/Pria,Buat harga segini cukup  . karna ga dapet tempat kacamata Dan kacamata pas dipake ada bau lem yg kecium . tp mudah2an lama lama ilang,3
Kacamata Korea Fashion Sunglasses KM128 Kacamata Hitam Import Unisex Wanita/Pria,Baru datang saya buka kacamata patah gak ada kardusnya jadi mudah patah,2
Kacamata Korea Fashion Sunglasses KM128 Kacamata Hitam Import Unisex Wanita/Pria,Tdnya g mau ksh bintang 2. Tp krn adminya lelet ga cekatan dlm proses keluhan ya yasyudahlah,2
Kacamata Korea Fashion Sunglasses KM128 Kacamata Hitam Import Unisex Wanita/Pria,Paket sudah datang pengiriman cepat  .barang y ok  .bagus harga terjangkau murah,4
Kacamata Korea Fashion Sunglasses KM128 Kacamata Hitam Import Unisex Wanita/Pria,Gak dapet koin . percuma penilaian,4
Kacamata Korea Fashion Sunglasses KM128 Kacamata Hitam Import Unisex Wanita/Pria,Ga bagussssss bangettt kacamatanya miring .trus ada bolongnya lagii  .ga sesuai realita zonk,1
Kacamata Korea Fashion Sunglasses KM128 Kacamata Hitam Import Unisex Wanita/Pria,Sesuai ekpetasi.. Liat testimoni bagus semua.. Nyata nya beneran bagus dgn hrga 11rb an aja.. Ga terlihat murah.. Wahh suka.. Packing nya juga aman,5
Kacamata Korea Fashion Sunglasses KM128 Kacamata Hitam Import Unisex Wanita/Pria,Bagus banget sebenarnya tapi sayang kacanya retak pecah .,3
Kacamata Korea Fashion Sunglasses KM128 Kacamata Hitam Import Unisex Wanita/Pria,Barangnya salah kirim yg sampai beda dengan yg dipoto untung yg datang lumayan bagus juga jadi ya sudahlah,3
Kacamata Korea Fashion Sunglasses KM128 Kacamata Hitam Import Unisex Wanita/Pria,Bungkusnya gak bagus banget...dipake plastik doang... pengiriman nya lama...nyesel,3
Kacamata Korea Fashion Sunglasses KM128 Kacamata Hitam Import Unisex Wanita/Pria,Pas dateng bagian kanan kacamata retak dan bengkok gitu tp masih bisa dibenerin sih:( but overall baguss kokk!,3
Kacamata Korea Fashion Sunglasses KM128 Kacamata Hitam Import Unisex Wanita/Pria,"Bagian kacanya kendur goyang"" . gagangnya ada karatnya gitu saya dari awal sudah bilang mau dipakai Sabtu saya tanya bisa kirim secepatnya atau engga bilangnya akan dikirim secepatnya dikemas lama banget. Dari awal bilang harusnya ga bisa kirim cepet.",2
Kacamata Korea Fashion Sunglasses KM128 Kacamata Hitam Import Unisex Wanita/Pria,Untung muraaah! Pas dibuka copot susah dipasangnya dan gak full. Kacamatanya bau banget aslikkkk!,2
Kacamata Korea Fashion Sunglasses KM128 Kacamata Hitam Import Unisex Wanita/Pria,Tidak mengecewakan.. Harga mungkin murah.. Tapi barangnya mewah..,4
Kacamata Korea Fashion Sunglasses KM128 Kacamata Hitam Import Unisex Wanita/Pria,Barang sampai dengan aman. But aku gak sukanya ternyata frame nya besar banget n diameter kacamatanya agak kekecilan buat aku,4
Kacamata Korea Fashion Sunglasses KM128 Kacamata Hitam Import Unisex Wanita/Pria,Kecewa banget Ama barangnya sebenarnya kualitas untuk kacamata nya bagus tapi percuma kalo gagang penyangga nya ga ada ga bisa dipakai,1
Kacamata Korea Fashion Sunglasses KM128 Kacamata Hitam Import Unisex Wanita/Pria,Bagus . pengiriman cepat . packing aman dengan buble wrap ,5
Kacamata Hitam Bentuk Persegi Panjang Gaya Retro Vintage Untuk Wanita,Ni barang recomennded si cuman lama ngirimnya,3
Kacamata Hitam Bentuk Persegi Panjang Gaya Retro Vintage Untuk Wanita,Product lumayan bagus.,3
Kacamata Hitam Bentuk Persegi Panjang Gaya Retro Vintage Untuk Wanita,Kacamatanya gak seimbang/ jingjit pas dipake miring,3
Kacamata Hitam Bentuk Persegi Panjang Gaya Retro Vintage Untuk Wanita,Kurang memuaskan .karena barang datang tidak sesuai yang dipesan . kalau emng nggak ada ya jangan dikirim . pemesanan kan berharap nya barang datang sesuai keinginan .ini malah beda!!!,3
Kacamata Hitam Bentuk Persegi Panjang Gaya Retro Vintage Untuk Wanita,Pengirimannya lama banget kesel ,2
Kacamata Hitam Bentuk Persegi Panjang Gaya Retro Vintage Untuk Wanita,Yang di order kuning dan grey tapi yg dateng grey dan pink.,2
Kacamata Hitam Bentuk Persegi Panjang Gaya Retro Vintage Untuk Wanita,Lumayan murah sesuai hrgnya..,4
Kacamata Hitam Bentuk Persegi Panjang Gaya Retro Vintage Untuk Wanita,Bagus bngt guys  .sebanding lah dengan harga nya  .sukses selalu bos,4
Kacamata Hitam Bentuk Persegi Panjang Gaya Retro Vintage Untuk Wanita,salah warna,1
Kacamata Hitam Bentuk Persegi Panjang Gaya Retro Vintage Untuk Wanita,Barang sesuai dengan yang diharapkan,5
Kacamata Hitam Bentuk Persegi Panjang Gaya Retro Vintage Untuk Wanita,pengiriman lambat wajar kali ya dari kuar negri . tapi its okey. kacamatanya bagus,3
Kacamata Hitam Bentuk Persegi Panjang Gaya Retro Vintage Untuk Wanita,Pesen yang grey malah dateng yang brown,3
Kacamata Hitam Bentuk Persegi Panjang Gaya Retro Vintage Untuk Wanita,Pesan C10 malah dikirim C9 yang salah tiga kacamata,3
Kacamata Hitam Bentuk Persegi Panjang Gaya Retro Vintage Untuk Wanita,Pengiriman lambat,3
Kacamata Hitam Bentuk Persegi Panjang Gaya Retro Vintage Untuk Wanita,Warna pesanan tidak sesuai dengan yang di kirim,2
Kacamata Hitam Bentuk Persegi Panjang Gaya Retro Vintage Untuk Wanita,beli kuning datengnya pink,2
Kacamata Hitam Bentuk Persegi Panjang Gaya Retro Vintage Untuk Wanita,Bgus banget barang dateng ga mengecewakan pokoknya. Recomended bgt buat jalan. Kualitasnya ga kaleng2. Thx,4
Kacamata Hitam Bentuk Persegi Panjang Gaya Retro Vintage Untuk Wanita,Barang sangat bagus . . walaupun pengiriman nya agak lama tapi puas saya,4
Kacamata Hitam Bentuk Persegi Panjang Gaya Retro Vintage Untuk Wanita,Paketnya nyasar ke rumah orang . udh malah jelek lagii hadeuh gua saranin jangan ada yang beli,1
Kacamata Hitam Bentuk Persegi Panjang Gaya Retro Vintage Untuk Wanita,Premium banget kacamatanyaa. Frame tebel nggak takut patah keliatan kuat bgt. Sebagus ini dong,5
Kacamata Hitam Bingkai Bulat Bahan Logam Untuk Pria Dan Wanita,Sebenarnya bagus si tp kegedean,3
Kacamata Hitam Bingkai Bulat Bahan Logam Untuk Pria Dan Wanita,Sbnrnnya bentuknya gada masalah tp di kaca bag kiri ada cacat dan mengganggu pandangan gabisa hilang,3
Kacamata Hitam Bingkai Bulat Bahan Logam Untuk Pria Dan Wanita,Baru pertama kali pesan di toko ini . barang datang sesuai pesanan ga ada yang salah . modelnya bagus . kualitas bagus sesuai ekspektasi . harga murah tapi ga murahan,5
Kacamata Hitam Bingkai Bulat Bahan Logam Untuk Pria Dan Wanita,Brg SDH diterima ... Packing kurang sefty ga ada pelindung bubble wrap ... Gagang ny agak penyok tp bs diperbaiki sendiri ... Tq shopee seller and babang kurir sukses selalu,4
Kacamata Hitam Bingkai Bulat Bahan Logam Untuk Pria Dan Wanita,Tidak sesuai pesanan .,2
Kacamata Hitam Bingkai Bulat Bahan Logam Untuk Pria Dan Wanita,Sudah langganan ya . . .jadi tetep barangny ok banget . . .ga di ragukan lagi . . . .mantullll makasi,5
Kacamata Hitam Bingkai Bulat Bahan Logam Untuk Pria Dan Wanita,Lumayan sesuai harga lensanya engga yg gelap banget mata masih terlihat transparan gitu. Pengiriman lumayan gak lama kok kehitung cuma 7 hari...makasih,4
Kacamata Hitam Bingkai Bulat Bahan Logam Untuk Pria Dan Wanita,Kaca matanya baguss suka banget terimakasih yaa,4
Kacamata Hitam Bingkai Bulat Bahan Logam Untuk Pria Dan Wanita,Barang dtg hanya 1 pdahal pesan 2 parah bgtt ngga berkah jualannya.,1
Kacamata Hitam Bingkai Bulat Bahan Logam Untuk Pria Dan Wanita,"Paket sudah di terima packing rapih . pengiriman lumayan cepat sih semingguan lah . maklum dari luar negeri . produknya bagus bahannya tebal koko kuat . udah lama mau beli yg medel coklat ini ga jadi"" baru ini tercapai beli . suka banget tinggal ganti ke lensa minus nya . krn matanya minus . Trimakasih seller & kurir yg ramah",5
Kacamata Hitam Pria / Wanita Model Retro Vintage Frame Bulat,Sy kira warna lensanya smoke gitu ternyata silver :),3
Kacamata Hitam Pria / Wanita Model Retro Vintage Frame Bulat,Kecewa dikit sma gagangnya gk bisa dilipat pdhl baru dipakai,3
Kacamata Hitam Pria / Wanita Model Retro Vintage Frame Bulat,mesennya item silver datengnya item gold,3
Kacamata Hitam Pria / Wanita Model Retro Vintage Frame Bulat,Framenya pas tp batangnya ada yg melengkung,3
Kacamata Hitam Pria / Wanita Model Retro Vintage Frame Bulat,Pengiriman 2mnggu lebih..,2
Kacamata Hitam Pria / Wanita Model Retro Vintage Frame Bulat,Baru Dateng langsng patah pas di buka !!,2
Kacamata Hitam Pria / Wanita Model Retro Vintage Frame Bulat,Bagus sih . tpi agak kurang aja gtu klo buat cowo wkwkwk . terpaksa kasih org deh . lain kali bakalan lebih teliti lagi thx,4
Kacamata Hitam Pria / Wanita Model Retro Vintage Frame Bulat,Gk bakal nyesel harga murah kualitas gk murahan,4
Kacamata Hitam Pria / Wanita Model Retro Vintage Frame Bulat,Kegedean longgar banget gak bisa di pake,1
Kacamata Hitam Pria / Wanita Model Retro Vintage Frame Bulat,Pengiriman lumayan lama da emg dr luar negri tapi ngga mengecewakan sih . kualitasnya Bagus sesuai ekspektasi .,5
Kacamata Retro Gladys Frame Kotak Glasses ,Pengiriman cepat dan barang pun baguss dan baik,3
Kacamata Retro Gladys Frame Kotak Glasses ,biasaa sesuai ssaama harganyaa si murah jugaa tpi emg bagus sii,3
Kacamata Retro Gladys Frame Kotak Glasses ,Pengemasan & pengiriman termasuk lama barangnya bagus sperti di foto,3
Kacamata Retro Gladys Frame Kotak Glasses ,barangnya bagus. tapi sayang banget pengiriman nya lama..,3
Kacamata Retro Gladys Frame Kotak Glasses ,Kacamatanya lengkap tapi semuanya gores2 dan 1 patah. Padahal ini pesenan untuk konsumen loh,2
Kacamata Retro Gladys Frame Kotak Glasses ,Kocak. Pesen yg kotak besar titik 3 malah dikirim yg kotak kecil gitu. Kalo gaada yg kotak besar titik 3 kirimnya yg harganya samaan juga dong. Inimah kan harganya juga beda.,2
Kacamata Retro Gladys Frame Kotak Glasses ,Barang sampai dengan selamat . dan bagus juga barang nya suka love lah . walau harganya terjangkau ya.,4
Kacamata Retro Gladys Frame Kotak Glasses ,Ada suara gitu pas di gerakin kacamata nya jadi gimana gitu pakenya Liat aja di video aku gak ngerti jelasinnya but desain nya lucu thanks,4
Kacamata Retro Gladys Frame Kotak Glasses ,Mungkin karena banyaknya orderan . sampe gak ada quality check nya. Yg pecah dan gak mulus pun dikirim. packaging aman. coba beli di bbrp toko . cuman ini yg pengirimannya lama.,1
Kacamata Retro Gladys Frame Kotak Glasses ,lucu banget . bahannya tebel tapi tetep enteng dan kayk ga gampang patah gitu . framenya dari mika . dipakenya juga nyaman . nyampenya sekitar semingguan dibungkus dgn aman jugaa,5
Kacamata UV400 Bentuk Oval Gaya Korea Retro Untuk Pria Dan Wanita,Baik tapi pengirimannya lama tapi tetep suka kok trimaksih,3
Kacamata UV400 Bentuk Oval Gaya Korea Retro Untuk Pria Dan Wanita,Padahal persennya Framenya hitam kacanya Oren tapi yang dateng farme hitam kacanya pun hitam huhu tapi gapapa lah,3
Kacamata UV400 Bentuk Oval Gaya Korea Retro Untuk Pria Dan Wanita,Bagus sangat . lumayan tebal juga . semoga awet aja . pengiriman standar . untuk batangnya agak menceng jadi kendor makenya,3
Kacamata UV400 Bentuk Oval Gaya Korea Retro Untuk Pria Dan Wanita,Bagus . cuman salah warna malah item datengnya,3
Kacamata UV400 Bentuk Oval Gaya Korea Retro Untuk Pria Dan Wanita,gajelas . jujur aku excited bgt sm kcamata ini dan aku ud nnggu ini dri lama . skitar 1-2 minggu an. dan yg datang wrna hitam . pdhl aku belinya wrna orange. lmyan bgus si bhannya tp ud kburu ksel krna wrnany beda.,2
Kacamata UV400 Bentuk Oval Gaya Korea Retro Untuk Pria Dan Wanita,pengiriman cepat tapi pesanan tidak lengkap dan tidak ada konfirmasi terlebih dahulu,2
Kacamata UV400 Bentuk Oval Gaya Korea Retro Untuk Pria Dan Wanita,baguss bgtt gilasehh ga expect sebagus ini dengan harga segitu walau lama pengiriman nya lama tapi its okeyy,4
Kacamata UV400 Bentuk Oval Gaya Korea Retro Untuk Pria Dan Wanita,Nah ini waranya oren bener bener yg oren gt tp bentuknya rada aneh dikit tp kl dipake ttp kece sih keren,4
Kacamata UV400 Bentuk Oval Gaya Korea Retro Untuk Pria Dan Wanita,Bengkok g bs dipake g simetris,1
Kacamata UV400 Bentuk Oval Gaya Korea Retro Untuk Pria Dan Wanita,Barang datang sesuai pesanan .rapi meski gak pake dus pokoknya suka bgt.bagus bgt thanks seller Dan abg kurir yg baek,5
Kacamata Sport / Olahraga NB Free Lensa Minus,Sebenarnya saya suka dg barangnya pengemasan rapi barang juga lengkap hanya saja sangat disayangkan saya pesan yang minus sudah saya kirimkan/tulis di catatan SPH CYL AX nya dg lengkap tapi yang dtg plano (normal). Syukurnya ada garansi tapi kira2 prosesnya lama atau bagaimana ? ,3
Kacamata Sport / Olahraga NB Free Lensa Minus,Barang bagus . sesuai pesanan. Tp krn pengalaman yg ini ada kecewanya jd cukup tiga bintang. Saran sy . tlg ketentuan khusus gratis lensa diubah/diperjelas . biar transaksi lancar kalau ada pembeli lain yg kondisi matanya spti sy.,3
Kacamata Sport / Olahraga NB Free Lensa Minus,Kualitas produk baik Kecepatan pengiriman baik Harga produk baik Respon penjual standar,3
Kacamata Sport / Olahraga NB Free Lensa Minus,Di keterngan dpat softcase tapi ga ada pas barang sampe..cuma bungkus Kontak biasa,3
Kacamata Sport / Olahraga NB Free Lensa Minus,Mintanya kiri minus 1.5 kanan minus 5... Lakok dikasih minus 5 semua kanan kiri,2
Kacamata Sport / Olahraga NB Free Lensa Minus,Pilih yang transparan malah dikirim yg hitam,2
Kacamata Sport / Olahraga NB Free Lensa Minus,Paket diterima dengan baik respon penjual baik  . ukuran minus jg pas.terimakasih seller ..sukak...semoga barang awett ..semoga lancar trs jg buat seller nya ,4
Kacamata Sport / Olahraga NB Free Lensa Minus,Kualitas produk baik. Harga produk baik. Kecepatan pengiriman baik. Respon penjual baik. walaupun sempat ada salah paham tentang deskripsi produk dan barang yg saya pesan . tetap recommended seller. thanks gan,4
Kacamata Sport / Olahraga NB Free Lensa Minus,Penjual tidak kooperatif. Ditanyakan return kemana jawabannya tidak jelas. Ditanya alamatnya malah suruh order ulang. Kecewa sih barang tdk bisa digunakan krn mau di return ga ada penjelasan,1
Kacamata Sport / Olahraga NB Free Lensa Minus,Setelah coba perhatiin spek masing2 opsi . NB019 ini yang paling pas di muka . ga terlalu gede. Pas nyampe . beuhh ga nyangka 200rb bisa dapet barang sebagus ini. Enak dipakenya . jernih kayak pake kacamata biasa. Sekarang main futsal ga berbayang2 lagi...top,5
Kacamata Steampunk Hitam Bersepeda Cyberpunk Hip Hop Punk Gaya Retro Eropa Olahraga Wanita Dan Pria,packing nya ngeri . cuman pake plastik aja kaga di pakein bubble wrap,4
Kacamata Steampunk Hitam Bersepeda Cyberpunk Hip Hop Punk Gaya Retro Eropa Olahraga Wanita Dan Pria,ternyata gede bgt si . bahan tebel . lumayan buat harga segitu,3
Kacamata Steampunk Hitam Bersepeda Cyberpunk Hip Hop Punk Gaya Retro Eropa Olahraga Wanita Dan Pria,bagus .worth it harga segini .tapi nyampe di tempat .kaca nya malah lepas,3
Kacamata Steampunk Hitam Bersepeda Cyberpunk Hip Hop Punk Gaya Retro Eropa Olahraga Wanita Dan Pria,kaca di kacamata nya lepas,3
Kacamata Steampunk Hitam Bersepeda Cyberpunk Hip Hop Punk Gaya Retro Eropa Olahraga Wanita Dan Pria,cuma dikirim 1,1
Kacamata Steampunk Hitam Bersepeda Cyberpunk Hip Hop Punk Gaya Retro Eropa Olahraga Wanita Dan Pria,Trimakasih kacamatanya bagus .lengkap tdk ada yg pecah semua mudah2an nnti sy bli lagi kedepannya nnti dikasih plastik bubble trimakasih ,5
Kacamata Steampunk Hitam Bersepeda Cyberpunk Hip Hop Punk Gaya Retro Eropa Olahraga Wanita Dan Pria,Bagus sih barangnya . tapi ngeri juga packingnya tidak pake bubble wrap,4
Kacamata Steampunk Hitam Bersepeda Cyberpunk Hip Hop Punk Gaya Retro Eropa Olahraga Wanita Dan Pria,cocok banget untuk outfit apapun,4
Kacamata Steampunk Hitam Bersepeda Cyberpunk Hip Hop Punk Gaya Retro Eropa Olahraga Wanita Dan Pria,ga sesuai pesanan,1
Kacamata Steampunk Hitam Bersepeda Cyberpunk Hip Hop Punk Gaya Retro Eropa Olahraga Wanita Dan Pria,Omg dapet yg affordable bgt! Harga nya murah lg huhu thank you seller,5
Rowling(ka-230)Kacamata Hitam Terbaru Wanita Titanium Style,Hidungnya hilang satu . ini b aja menurut ku dibanding kacamata lainnya,3
Rowling(ka-230)Kacamata Hitam Terbaru Wanita Titanium Style,Kacamata bagus tapi syang gk bisa di pakai krn penyok,3
Rowling(ka-230)Kacamata Hitam Terbaru Wanita Titanium Style,tdak sama barang dgn gambar,3
Rowling(ka-230)Kacamata Hitam Terbaru Wanita Titanium Style,Pas cocok,3
Rowling(ka-230)Kacamata Hitam Terbaru Wanita Titanium Style,Tidak sesuai yg d harapkan  . pesanan tdk real peace . mf sy ksih 2,2
Rowling(ka-230)Kacamata Hitam Terbaru Wanita Titanium Style,Ga bagus gagang yg satu nya miring melebar jadi dipake nya gak nyaman.. ,2
Rowling(ka-230)Kacamata Hitam Terbaru Wanita Titanium Style,Terimakasih pesanan .tp sayang pengiriman nya lama mohon di tingkatkan lagi pelayanan nya,4
Rowling(ka-230)Kacamata Hitam Terbaru Wanita Titanium Style,Kacamata nya kaya kacamata mahal ya bagus banget mewah . tapi yang kanan sama yang kiri kaya ngga sama gitu . pengiriman standar . kurir ramah,4
Rowling(ka-230)Kacamata Hitam Terbaru Wanita Titanium Style,Barang yang dikirim barang rusak.. ganggangan kacamata satunya gk bisa. Miring sebelah kacamatanya gk bisa dibenarin. Jadi terbuang kacamatanya.,1
Rowling(ka-230)Kacamata Hitam Terbaru Wanita Titanium Style,Alhamdulilah cepet banget pesanan nya sampai cuman 3 hari aja dari jkt ke medan. Pesanan semua lengkap sesuai dengan yang di pesan bagus2 kaca mata nya,5
Zelin Kacamata Tony Stark Bentuk Kotak Desain Iron Man Spiderman Edith untuk Pria / Wanita,Barang sudah di terima pengiriman lumayan lama  . . minus penjepit hidung gojlak sayang banget,3
Zelin Kacamata Tony Stark Bentuk Kotak Desain Iron Man Spiderman Edith untuk Pria / Wanita,Model kacamatanya bagus . minus di pengemasan aja sih. Mungkin tokonya bisa pake box utk pengiriman walaupun harus budget lebih tapi barang kami sampe dengan bagus.,3
Zelin Kacamata Tony Stark Bentuk Kotak Desain Iron Man Spiderman Edith untuk Pria / Wanita,Kemasan pengiriman gak safety . gak ad pelindungnya Alhasil penyangga hidung dan kuping nya pada bengkok.,3
Zelin Kacamata Tony Stark Bentuk Kotak Desain Iron Man Spiderman Edith untuk Pria / Wanita,Tidak ada bubble wrap kacamata dtg dgn keadaan gagang bengkok Untung bisa di akalin,3
Zelin Kacamata Tony Stark Bentuk Kotak Desain Iron Man Spiderman Edith untuk Pria / Wanita,"Kyknya bahan kurang tebal atau packing yg kurang aman jd pas dateng udh penyok"" semua ",2
Zelin Kacamata Tony Stark Bentuk Kotak Desain Iron Man Spiderman Edith untuk Pria / Wanita,Gak sesuai . masa kacamata nya meleot²,2
Zelin Kacamata Tony Stark Bentuk Kotak Desain Iron Man Spiderman Edith untuk Pria / Wanita,Packingannya kurang aman krn tdk ada bubble atau kardusnya . lngsung dtumpuk dkresek sperti yg digambar. Untung g ad yg pecah . tp ad 1 yg lecet,4
Zelin Kacamata Tony Stark Bentuk Kotak Desain Iron Man Spiderman Edith untuk Pria / Wanita,barang nya bagus walaupun pas nyampe sini agak bengkok dikit (karena pengiriman) tapi bisa diperbaiki kok thank youuu,4
Zelin Kacamata Tony Stark Bentuk Kotak Desain Iron Man Spiderman Edith untuk Pria / Wanita,Masa saya beli dengan keadaan pecah kacanya apa yg mau saya pakai sama aja saya beli barang rongsok? ,1
Zelin Kacamata Tony Stark Bentuk Kotak Desain Iron Man Spiderman Edith untuk Pria / Wanita,Paket sudah di terima barang sesuai pesanan. Kacamata hitam Tony Stark. semua bagus . pengiriman cepat dari luar negeri. Kurir baik seller amanah,5
Kacamata Locs Mafio Gangsta Size Medium,Masih suka dengan barangnya . tp berbeda dengan beli sebelumnya packing yng sekarang lebih buruk . tidak dapat kotak . dan lap yng diberikan untuk mengelap kacanya lebih kasar dari pembelian sebelumnya,3
Kacamata Locs Mafio Gangsta Size Medium,Bagus bgt,3
Kacamata Locs Mafio Gangsta Size Medium,bagus sangat recommended,3
Kacamata Locs Mafio Gangsta Size Medium,Kaca matanya patah,3
Kacamata Locs Mafio Gangsta Size Medium,Belum juga ada 1 minggu udah patah,2
Kacamata Locs Mafio Gangsta Size Medium,Kacanya pecah,2
Kacamata Locs Mafio Gangsta Size Medium,ntah kenapa paket sampe keadaannya udah kotor kaya abis jatoh ntah dari kurir dsini atau disana . tapi untungnya pas di cek kondisi kacamata aman gak ada yang patah / rusak .. bagus suka dengan kacamatanya kokoh,4
Kacamata Locs Mafio Gangsta Size Medium,Kaca mata nya jelas keren dan aman dlm kemasan mantap sukses trus yah seller ,4
Kacamata Locs Mafio Gangsta Size Medium,Barang bagus cuma kurir nya agak lambat,1
Kacamata Locs Mafio Gangsta Size Medium,Baru coba beli dsini ok juga barang ny pas bgt ..pengiriman agak sikit lama tp gpp yg penting barang sampai aman sukses y,5
Kacamata Eternity (All Colors),warna oke ga ada yang lecet sama sekali,5
Kacamata Eternity (All Colors),Packingan rapih dan aman pake bubble wrap. Buat kacamatanya bagus dan stylish,4
Kacamata Eternity (All Colors),Agak kekecilan jdi klo order sesuaikan dg ukuran dan bentuk wajah,3
Kacamata Eternity (All Colors),Maaf ga sesuai . tapi pesanan udah diterima. Sayang kacamatanya kekecilan. Jadi agak sempit pas dipake.,3
Kacamata Eternity (All Colors),kecil banget kacamatanya kyk kcamata anak sd,2
Kacamata Eternity (All Colors),Saya pesen yg frame nya transparan satu ko datengnya item duadua nya,2
Kacamata Eternity (All Colors),lumayan murah lah dengan harga segini dapet kacamata yang bagus kaya gini amanah Dateng sesuai pesanan ga nyesel deh beli di toko ini,5
Kacamata Eternity (All Colors),Kacamatanya bagus . tp kayak agak kecil sihh kalo dipake sama org dewasa . packing aman dan semoga semakin amanah yaaa,4
Kacamata Eternity (All Colors),kacanya crack di bagian pojok idk dr pengirimannya atau dari sananya,1
Kacamata Eternity (All Colors),Bagus sesuai gambar... pengiriman cepet... Packingan dijamin aman poll Joss wkwk.. rekomendasi buat di beli,5
Kacamata Fashion Trendy Anak - Kacamata Anak Bulat Kartun Import,Maaf aku kasih bintang 3 . karna barang nya tidak ada dalam paket shopee. lain kali lebih teliti ya masukin dan nge-packing barang nya . saya yg rugi kalo bgni mah . padahal udah sering belanja di sini tapi kali ini sedikit kecewa sama pelayananya makasih . aku tetep sering order ke sini kok.,3
Kacamata Fashion Trendy Anak - Kacamata Anak Bulat Kartun Import,"maaf sya kecewa dgn toko ini krn sdh yg k 3x pesan dsni dan yg k 2x brg sya tdk d kirimkan dan utk pengembalian dana tdk d respon dgn baik cuma sampai d tny"" dan hny d ulur"" wkt saja sampe sya bosan",3
Kacamata Fashion Trendy Anak - Kacamata Anak Bulat Kartun Import,Baret . kayanya bukan karna proses pengiriman deh soalnya plastik kacamata nya masih aman . lain kali lebih di perhatikan,3
Kacamata Fashion Trendy Anak - Kacamata Anak Bulat Kartun Import,Pelayanan ny lama . bang kurir ny ramah . packing ny mah ok lah.,3
Kacamata Fashion Trendy Anak - Kacamata Anak Bulat Kartun Import,Barang tidak ada tanpa konfirmasi dulu . tapi diganti sama kacamata hitam lancip . jadi double kacamata tsb,2
Kacamata Fashion Trendy Anak - Kacamata Anak Bulat Kartun Import,Kirain kacanya warna hitam. Eh taunya warna kuning. Beda ama difotonya,2
Kacamata Fashion Trendy Anak - Kacamata Anak Bulat Kartun Import,Barang uda Lama Sampe . Maaf bru smpet ksih review skrg . Kualitas Ok . bagus banget . harga ny murah meriah . pengiriman cpet . respon penjual Ok...,4
Kacamata Fashion Trendy Anak - Kacamata Anak Bulat Kartun Import,Packing sih aman pengiriman cepat tapi yg aku bingung disitu keterangannya ungu tua apakah ini ungu tua .ko lebih ke coklat ya,4
Kacamata Fashion Trendy Anak - Kacamata Anak Bulat Kartun Import,Tanpa konfirmasi langsung kirim warna yg beda. Minta ajukan pengembalian tapi ga bisa. Walo harga murah tapi harus amanah.,1
Kacamata Fashion Trendy Anak - Kacamata Anak Bulat Kartun Import,Terimakasih produk sudah datang pengiriman cepet pengemasan juga cepat packing bagus tebal bubble wrap nya tebel kacamata nya pake plastik Ples bubble wrap pokonya bagus banget deh terimakasih,5
Kacamata Thug Life Mosaic Pria/Wanita,Aku pesan 2 malah datang 1,3
Kacamata Thug Life Mosaic Pria/Wanita,barang bagus sesuai dengan pesanan,3
Kacamata Thug Life Mosaic Pria/Wanita,penyangganya kadang lepas,3
Kacamata Thug Life Mosaic Pria/Wanita,Pesanan tidak sesuai,3
Kacamata Thug Life Mosaic Pria/Wanita,Yang dipesan kacamata yang datang sarungnya doang.,2
Kacamata Thug Life Mosaic Pria/Wanita,ini tidak sesuai dengan keinginan,2
Kacamata Thug Life Mosaic Pria/Wanita,Bahan plastik . anak ku senang sekali kacamatanya dtg . makasih seller dan kurirnya semoga tetap jaga selalu,4
Kacamata Thug Life Mosaic Pria/Wanita,ini pas banget di pake nya dan nyaman,4
Kacamata Thug Life Mosaic Pria/Wanita,pesen kaca mata yg dtg cmn sarung gak amanah ni toko dasar penipu,1
Kacamata Thug Life Mosaic Pria/Wanita,Luar biasa sesuai menarik dan seneng banget anak saya top,5
Korean Fashion Bulat Mata Kucing Kacamata Hitam Wanita/Pria Sunglasses,sesuai harga lah .gk berat dipakai juga ok . tpi ketika dipakai .wrnanya tidak terlalu hitam,3
Korean Fashion Bulat Mata Kucing Kacamata Hitam Wanita/Pria Sunglasses,Dengan harga segitu wajar sihh kita ng perlu ekspektasi lebih . ini aja lain yang dipesan yg datang malah beda. Yang datang malah kacamata anak bukan untuk dewasa. Itsokay lah pelajaran untuk kedepannya,3
Korean Fashion Bulat Mata Kucing Kacamata Hitam Wanita/Pria Sunglasses,Kualitas sih oke bagus . cmn sayang nya Kaca nya gelap buangets... Jd gak nyaman make nya,3
Korean Fashion Bulat Mata Kucing Kacamata Hitam Wanita/Pria Sunglasses,Kualitas produk nya ya standar .sesuai dgn harga yg murah meriahh,3
Korean Fashion Bulat Mata Kucing Kacamata Hitam Wanita/Pria Sunglasses,Yg ini lensanya sudah lepas yg warna coklat yg hitam bagus suka bgt . . gagang kacamatanya bagus,2
Korean Fashion Bulat Mata Kucing Kacamata Hitam Wanita/Pria Sunglasses,Padahal mesan nya 3 item tapi yang di kirim cuma satu. Maaf banget ngasih bintang nya sedikit. ,2
Korean Fashion Bulat Mata Kucing Kacamata Hitam Wanita/Pria Sunglasses,Kacamata nya bagus . tp sayang yg item retak. Lain kali kalo kemas di dobelin bublewarp dong barang nya yg mudah pecah. Sayang bgt padahal,4
Korean Fashion Bulat Mata Kucing Kacamata Hitam Wanita/Pria Sunglasses,Barang bagus . packing aman . pengiriman termasuk lama . pokoknya puas belanja di toko ini  . next order disini lagi . thanks seller pertahankan pelayanannya,4
Korean Fashion Bulat Mata Kucing Kacamata Hitam Wanita/Pria Sunglasses,Penjual mengecewakan . tidak bisa cancel padahal saya mau order lgi . ganti warna juga ga bisa padahal harga sama . ribet penjualnya,1
Korean Fashion Bulat Mata Kucing Kacamata Hitam Wanita/Pria Sunglasses,Kualitas baik sesuai harga . pengiriman dan pengemasan sangat cepat . seller amanah . baik . dan respond cepat,5
